{
  "Component-dbg.js": 1631282007573,
  "manifest.json": 1631282184021,
  "model/models.js": 1631282007577,
  "controller/View1.controller.js": 1631282007577,
  "Component.js": 1631282007573,
  "manifest-bundle.zip": 1631282184029,
  "Component-preload.js": 1631282184169,
  "i18n/i18n.properties": 1631282007577,
  "controller/View1-dbg.controller.js": 1631282007577,
  "model/models-dbg.js": 1631282007577,
  "view/View1.view.xml": 1631282007589,
  "css/style.css": 1631282007577,
  "index.html": 1631282007577
}